latitude,longitude,B1,B2,B3,B4,B5,B6,B7
13.077083332160123,74.77885758536675,0.1041,0.14379999,0.059499998,0.1051,0.1453,-2.8672,0.072399996
13.077083332160123,74.78313518497693,0.0,0.0,0.0,0.0,0.0,0.0,0.0
13.077083332160123,74.78741278458712,0.0,0.0,0.0,0.0,0.0,0.0,0.0
13.077083332160123,74.79169038419728,0.0,0.0,0.0,0.0,0.0,0.0,0.0
13.077083332160123,74.79596798380747,0.0,0.0,0.0,0.0,0.0,0.0,0.0
13.077083332160123,74.80024558341763,0.0,0.0,0.0,0.0,0.0,0.0,0.0
13.077083332160123,74.80452318302781,0.0,0.0,0.0,0.0,0.0,0.0,0.0
13.077083332160123,74.808800782638,0.0,0.0,0.0,0.0,0.0,0.0,0.0
13.077083332160123,74.81307838224816,0.0,0.0,0.0,0.0,0.0,0.0,0.0
13.077083332160123,74.81735598185836,0.0,0.0,0.0,0.0,0.0,0.0,0.0
13.077083332160123,74.82163358146853,0.0,0.0,0.0,0.0,0.0,0.0,0.0
13.077083332160123,74.82591118107871,0.0,0.0,0.0,0.0,0.0,0.0,0.0
13.077083332160123,74.8301887806889,0.0,0.0,0.0,0.0,0.0,0.0,0.0
13.077083332160123,74.83446638029908,0.0,0.0,0.0,0.0,0.0,0.0,0.0
13.077083332160123,74.83874397990925,0.0,0.0,0.0,0.0,0.0,0.0,0.0
13.077083332160123,74.84302157951942,0.0,0.0,0.0,0.0,0.0,0.0,0.0
13.077083332160123,74.84729917912958,0.0,0.0,0.0,0.0,0.0,0.0,0.0
13.077083332160123,74.85157677873977,0.0,0.0,0.0,0.0,0.0,0.0,0.0
13.077083332160123,74.85585437834995,0.0,0.0,0.0,0.0,0.0,0.0,0.0
13.077083332160123,74.86013197796014,0.0,0.0,0.0,0.0,0.0,0.0,0.0
13.077083332160123,74.86440957757031,0.0,0.0,0.0,0.0,0.0,0.0,0.0
13.077083332160123,74.86868717718049,0.0,0.0,0.0,0.0,0.0,0.0,0.0
13.077083332160123,74.87296477679067,0.0,0.0,0.0,0.0,0.0,0.0,0.0
13.077083332160123,74.87724237640084,0.0,0.0,0.0,0.0,0.0,0.0,0.0
13.077083332160123,74.88151997601102,0.0,0.0,0.0,0.0,0.0,0.0,0.0
13.077083332160123,74.8857975756212,0.0,0.0,0.0,0.0,0.0,0.0,0.0
13.077083332160123,74.89007517523137,0.0,0.0,0.0,0.0,0.0,0.0,0.0
13.077083332160123,74.89435277484156,0.0,0.0,0.0,0.0,0.0,0.0,0.0
13.077083332160123,74.89863037445174,0.0,0.0,0.0,0.0,0.0,0.0,0.0
13.077083332160123,74.9029079740619,0.0,0.0,0.0,0.0,0.0,0.0,0.0
13.077083332160123,74.90718557367208,0.0,0.0,0.0,0.0,0.0,0.0,0.0
13.077083332160123,74.91146317328226,0.0,0.0,0.0,0.0,0.0,0.0,0.0
13.077083332160123,74.91574077289245,0.0,0.0,0.0,0.0,0.0,0.0,0.0
13.077083332160123,74.92001837250261,0.0,0.0,0.0,0.0,0.0,0.0,0.0
13.077083332160123,74.92429597211279,0.0,0.0,0.0,0.0,0.0,0.0,0.0
13.077083332160123,74.92857357172298,0.0,0.0,0.0,0.0,0.0,0.0,0.0
13.077083332160123,74.93285117133316,0.0,0.0,0.0,0.0,0.0,0.0,0.0
13.077083332160123,74.93712877094333,0.0,0.0,0.0,0.0,0.0,0.0,0.0
13.077083332160123,74.94140637055351,0.0,0.0,0.0,0.0,0.0,0.0,0.0
13.077083332160123,74.94568397016369,0.0,0.0,0.0,0.0,0.0,0.0,0.0
13.077083332160123,74.94996156977388,0.0,0.0,0.0,0.0,0.0,0.0,0.0
13.077083332160123,74.95423916938404,0.0,0.0,0.0,0.0,0.0,0.0,0.0
13.077083332160123,74.95851676899422,0.0,0.0,0.0,0.0,0.0,0.0,0.0
13.077083332160123,74.96279436860439,0.0,0.0,0.0,0.0,0.0,0.0,0.0
13.077083332160123,74.96707196821455,0.0,0.0,0.0,0.0,0.0,0.0,0.0
13.077083332160123,74.97134956782475,0.0,0.0,0.0,0.0,0.0,0.0,0.0
13.077083332160123,74.97562716743492,0.0,0.0,0.0,0.0,0.0,0.0,0.0
13.077083332160123,74.9799047670451,0.0,0.0,0.0,0.0,0.0,0.0,0.0
13.077083332160123,74.98418236665529,0.0,0.0,0.0,0.0,0.0,0.0,0.0
13.077083332160123,74.98845996626545,0.0,0.0,0.0,0.0,0.0,0.0,0.0
13.077083332160123,74.99273756587564,0.0,0.0,0.0,0.0,0.0,0.0,0.0
13.072916665493834,74.77759461808706,0.0,0.0,0.0,0.0,0.0,0.0,0.0
13.072916665493834,74.78187214545132,0.0409,0.20699999,0.0169,0.048,0.2049,-2.8672,0.066599995
13.072916665493834,74.78614967281555,0.0,0.0,0.0,0.0,0.0,0.0,0.0
13.072916665493834,74.79042720017979,0.0,0.0,0.0,0.0,0.0,0.0,0.0
13.072916665493834,74.79470472754404,0.0,0.0,0.0,0.0,0.0,0.0,0.0
13.072916665493834,74.79898225490827,0.0,0.0,0.0,0.0,0.0,0.0,0.0
13.072916665493834,74.80325978227252,0.0,0.0,0.0,0.0,0.0,0.0,0.0
13.072916665493834,74.80753730963677,0.0,0.0,0.0,0.0,0.0,0.0,0.0
13.072916665493834,74.81181483700101,0.0,0.0,0.0,0.0,0.0,0.0,0.0
13.072916665493834,74.81609236436525,0.0,0.0,0.0,0.0,0.0,0.0,0.0
13.072916665493834,74.8203698917295,0.0,0.0,0.0,0.0,0.0,0.0,0.0
13.072916665493834,74.82464741909375,0.0,0.0,0.0,0.0,0.0,0.0,0.0
13.072916665493834,74.828924946458,0.0,0.0,0.0,0.0,0.0,0.0,0.0
13.072916665493834,74.83320247382224,0.0,0.0,0.0,0.0,0.0,0.0,0.0
13.072916665493834,74.83748000118648,0.0,0.0,0.0,0.0,0.0,0.0,0.0
13.072916665493834,74.84175752855073,0.0,0.0,0.0,0.0,0.0,0.0,0.0
13.072916665493834,74.84603505591497,0.0,0.0,0.0,0.0,0.0,0.0,0.0
13.072916665493834,74.8503125832792,0.0,0.0,0.0,0.0,0.0,0.0,0.0
13.072916665493834,74.85459011064346,0.0,0.0,0.0,0.0,0.0,0.0,0.0
13.072916665493834,74.85886763800771,0.0,0.0,0.0,0.0,0.0,0.0,0.0
13.072916665493834,74.86314516537196,0.0,0.0,0.0,0.0,0.0,0.0,0.0
13.072916665493834,74.8674226927362,0.0,0.0,0.0,0.0,0.0,0.0,0.0
13.072916665493834,74.87170022010044,0.0,0.0,0.0,0.0,0.0,0.0,0.0
13.072916665493834,74.87597774746469,0.0,0.0,0.0,0.0,0.0,0.0,0.0
13.072916665493834,74.88025527482891,0.0,0.0,0.0,0.0,0.0,0.0,0.0
13.072916665493834,74.88453280219316,0.0,0.0,0.0,0.0,0.0,0.0,0.0
13.072916665493834,74.88881032955742,0.0,0.0,0.0,0.0,0.0,0.0,0.0
13.072916665493834,74.89308785692167,0.0,0.0,0.0,0.0,0.0,0.0,0.0
13.072916665493834,74.8973653842859,0.0,0.0,0.0,0.0,0.0,0.0,0.0
13.072916665493834,74.90164291165016,0.0,0.0,0.0,0.0,0.0,0.0,0.0
13.072916665493834,74.9059204390144,0.0,0.0,0.0,0.0,0.0,0.0,0.0
13.072916665493834,74.91019796637865,0.0,0.0,0.0,0.0,0.0,0.0,0.0
13.072916665493834,74.91447549374288,0.0,0.0,0.0,0.0,0.0,0.0,0.0
13.072916665493834,74.91875302110712,0.0,0.0,0.0,0.0,0.0,0.0,0.0
13.072916665493834,74.92303054847137,0.0,0.0,0.0,0.0,0.0,0.0,0.0
13.072916665493834,74.92730807583563,0.0,0.0,0.0,0.0,0.0,0.0,0.0
13.072916665493834,74.93158560319986,0.0,0.0,0.0,0.0,0.0,0.0,0.0
13.072916665493834,74.93586313056412,0.0,0.0,0.0,0.0,0.0,0.0,0.0
13.072916665493834,74.94014065792835,0.0,0.0,0.0,0.0,0.0,0.0,0.0
13.072916665493834,74.9444181852926,0.0,0.0,0.0,0.0,0.0,0.0,0.0
13.072916665493834,74.94869571265684,0.0,0.0,0.0,0.0,0.0,0.0,0.0
13.072916665493834,74.95297324002108,0.0,0.0,0.0,0.0,0.0,0.0,0.0
13.072916665493834,74.95725076738533,0.0,0.0,0.0,0.0,0.0,0.0,0.0
13.072916665493834,74.96152829474957,0.0,0.0,0.0,0.0,0.0,0.0,0.0
13.072916665493834,74.96580582211381,0.0,0.0,0.0,0.0,0.0,0.0,0.0
13.072916665493834,74.97008334947806,0.0,0.0,0.0,0.0,0.0,0.0,0.0
13.072916665493834,74.97436087684231,0.0,0.0,0.0,0.0,0.0,0.0,0.0
13.072916665493834,74.97863840420655,0.0,0.0,0.0,0.0,0.0,0.0,0.0
13.072916665493834,74.9829159315708,0.0,0.0,0.0,0.0,0.0,0.0,0.0
13.072916665493834,74.98719345893504,0.0,0.0,0.0,0.0,0.0,0.0,0.0
13.072916665493834,74.99147098629929,0.0,0.0,0.0,0.0,0.0,0.0,0.0
13.068749998827546,74.77633208891578,0.0,0.0,0.0,0.0,0.0,0.0,0.0
13.068749998827546,74.78060954405916,0.0413,0.2047,0.021399999,0.0444,0.2038,-2.8672,0.0572
13.068749998827546,74.78488699920254,0.0,0.0,0.0,0.0,0.0,0.0,0.0
13.068749998827546,74.7891644543459,0.0,0.0,0.0,0.0,0.0,0.0,0.0
13.068749998827546,74.79344190948927,0.0,0.0,0.0,0.0,0.0,0.0,0.0
13.068749998827546,74.79771936463264,0.0,0.0,0.0,0.0,0.0,0.0,0.0
13.068749998827546,74.80199681977602,0.0,0.0,0.0,0.0,0.0,0.0,0.0
13.068749998827546,74.80627427491939,0.0,0.0,0.0,0.0,0.0,0.0,0.0
13.068749998827546,74.81055173006276,0.0,0.0,0.0,0.0,0.0,0.0,0.0
13.068749998827546,74.81482918520614,0.0,0.0,0.0,0.0,0.0,0.0,0.0
13.068749998827546,74.8191066403495,0.0,0.0,0.0,0.0,0.0,0.0,0.0
13.068749998827546,74.82338409549288,0.0,0.0,0.0,0.0,0.0,0.0,0.0
13.068749998827546,74.82766155063625,0.0,0.0,0.0,0.0,0.0,0.0,0.0
13.068749998827546,74.83193900577963,0.0,0.0,0.0,0.0,0.0,0.0,0.0
13.068749998827546,74.836216460923,0.0,0.0,0.0,0.0,0.0,0.0,0.0
13.068749998827546,74.84049391606636,0.0,0.0,0.0,0.0,0.0,0.0,0.0
13.068749998827546,74.84477137120973,0.0,0.0,0.0,0.0,0.0,0.0,0.0
13.068749998827546,74.84904882635311,0.0,0.0,0.0,0.0,0.0,0.0,0.0
13.068749998827546,74.85332628149649,0.0,0.0,0.0,0.0,0.0,0.0,0.0
13.068749998827546,74.85760373663986,0.0,0.0,0.0,0.0,0.0,0.0,0.0
13.068749998827546,74.86188119178324,0.0,0.0,0.0,0.0,0.0,0.0,0.0
13.068749998827546,74.86615864692662,0.0,0.0,0.0,0.0,0.0,0.0,0.0
13.068749998827546,74.87043610206997,0.0,0.0,0.0,0.0,0.0,0.0,0.0
13.068749998827546,74.87471355721335,0.0,0.0,0.0,0.0,0.0,0.0,0.0
13.068749998827546,74.8789910123567,0.0,0.0,0.0,0.0,0.0,0.0,0.0
13.068749998827546,74.8832684675001,0.0,0.0,0.0,0.0,0.0,0.0,0.0
13.068749998827546,74.88754592264347,0.0,0.0,0.0,0.0,0.0,0.0,0.0
13.068749998827546,74.89182337778685,0.0,0.0,0.0,0.0,0.0,0.0,0.0
13.068749998827546,74.89610083293022,0.0,0.0,0.0,0.0,0.0,0.0,0.0
13.068749998827546,74.9003782880736,0.0,0.0,0.0,0.0,0.0,0.0,0.0
13.068749998827546,74.90465574321696,0.0,0.0,0.0,0.0,0.0,0.0,0.0
13.068749998827546,74.90893319836033,0.0,0.0,0.0,0.0,0.0,0.0,0.0
13.068749998827546,74.91321065350371,0.0,0.0,0.0,0.0,0.0,0.0,0.0
13.068749998827546,74.91748810864708,0.0,0.0,0.0,0.0,0.0,0.0,0.0
13.068749998827546,74.92176556379046,0.0,0.0,0.0,0.0,0.0,0.0,0.0
13.068749998827546,74.92604301893383,0.0,0.0,0.0,0.0,0.0,0.0,0.0
13.068749998827546,74.93032047407719,0.0,0.0,0.0,0.0,0.0,0.0,0.0
13.068749998827546,74.93459792922059,0.0,0.0,0.0,0.0,0.0,0.0,0.0
13.068749998827546,74.93887538436394,0.0,0.0,0.0,0.0,0.0,0.0,0.0
13.068749998827546,74.94315283950732,0.0,0.0,0.0,0.0,0.0,0.0,0.0
13.068749998827546,74.94743029465069,0.0,0.0,0.0,0.0,0.0,0.0,0.0
13.068749998827546,74.95170774979407,0.0,0.0,0.0,0.0,0.0,0.0,0.0
13.068749998827546,74.95598520493743,0.0,0.0,0.0,0.0,0.0,0.0,0.0
13.068749998827546,74.9602626600808,0.0,0.0,0.0,0.0,0.0,0.0,0.0
13.068749998827546,74.96454011522418,0.0,0.0,0.0,0.0,0.0,0.0,0.0
13.068749998827546,74.96881757036755,0.0,0.0,0.0,0.0,0.0,0.0,0.0
13.068749998827546,74.97309502551093,0.0,0.0,0.0,0.0,0.0,0.0,0.0
13.068749998827546,74.9773724806543,0.0,0.0,0.0,0.0,0.0,0.0,0.0
13.068749998827546,74.98164993579766,0.0,0.0,0.0,0.0,0.0,0.0,0.0
13.068749998827546,74.98592739094104,0.0,0.0,0.0,0.0,0.0,0.0,0.0
13.068749998827546,74.99020484608441,0.0,0.0,0.0,0.0,0.0,0.0,0.0
13.064583332161254,74.7750699978174,0.0,0.0,0.0,0.0,0.0,0.0,0.0
13.064583332161254,74.77934738076496,0.0835,0.1634,0.050699998,0.0893,0.1531,0.1051,0.0554
13.064583332161254,74.78362476371251,0.0,0.0,0.0,0.0,0.0,0.0,0.0
13.064583332161254,74.78790214666006,0.0,0.0,0.0,0.0,0.0,0.0,0.0
13.064583332161254,74.79217952960762,0.0,0.0,0.0,0.0,0.0,0.0,0.0
13.064583332161254,74.79645691255519,0.0,0.0,0.0,0.0,0.0,0.0,0.0
13.064583332161254,74.80073429550275,0.0,0.0,0.0,0.0,0.0,0.0,0.0
13.064583332161254,74.8050116784503,0.0,0.0,0.0,0.0,0.0,0.0,0.0
13.064583332161254,74.80928906139785,0.0,0.0,0.0,0.0,0.0,0.0,0.0
13.064583332161254,74.81356644434541,0.0,0.0,0.0,0.0,0.0,0.0,0.0
13.064583332161254,74.81784382729298,0.0,0.0,0.0,0.0,0.0,0.0,0.0
13.064583332161254,74.82212121024055,0.0,0.0,0.0,0.0,0.0,0.0,0.0
13.064583332161254,74.82639859318812,0.0,0.0,0.0,0.0,0.0,0.0,0.0
13.064583332161254,74.83067597613567,0.0,0.0,0.0,0.0,0.0,0.0,0.0
13.064583332161254,74.83495335908322,0.0,0.0,0.0,0.0,0.0,0.0,0.0
13.064583332161254,74.83923074203078,0.0,0.0,0.0,0.0,0.0,0.0,0.0
13.064583332161254,74.84350812497834,0.0,0.0,0.0,0.0,0.0,0.0,0.0
13.064583332161254,74.8477855079259,0.0,0.0,0.0,0.0,0.0,0.0,0.0
13.064583332161254,74.85206289087347,0.0,0.0,0.0,0.0,0.0,0.0,0.0
13.064583332161254,74.85634027382102,0.0,0.0,0.0,0.0,0.0,0.0,0.0
13.064583332161254,74.86061765676858,0.0,0.0,0.0,0.0,0.0,0.0,0.0
13.064583332161254,74.86489503971615,0.0,0.0,0.0,0.0,0.0,0.0,0.0
13.064583332161254,74.86917242266371,0.0,0.0,0.0,0.0,0.0,0.0,0.0
13.064583332161254,74.87344980561127,0.0,0.0,0.0,0.0,0.0,0.0,0.0
13.064583332161254,74.87772718855882,0.0,0.0,0.0,0.0,0.0,0.0,0.0
13.064583332161254,74.88200457150637,0.0,0.0,0.0,0.0,0.0,0.0,0.0
13.064583332161254,74.88628195445393,0.0,0.0,0.0,0.0,0.0,0.0,0.0
13.064583332161254,74.8905593374015,0.0,0.0,0.0,0.0,0.0,0.0,0.0
13.064583332161254,74.89483672034908,0.0,0.0,0.0,0.0,0.0,0.0,0.0
13.064583332161254,74.89911410329664,0.0,0.0,0.0,0.0,0.0,0.0,0.0
13.064583332161254,74.90339148624419,0.0,0.0,0.0,0.0,0.0,0.0,0.0
13.064583332161254,74.90766886919174,0.0,0.0,0.0,0.0,0.0,0.0,0.0
13.064583332161254,74.9119462521393,0.0,0.0,0.0,0.0,0.0,0.0,0.0
13.064583332161254,74.91622363508687,0.0,0.0,0.0,0.0,0.0,0.0,0.0
13.064583332161254,74.92050101803443,0.0,0.0,0.0,0.0,0.0,0.0,0.0
13.064583332161254,74.92477840098199,0.0,0.0,0.0,0.0,0.0,0.0,0.0
13.064583332161254,74.92905578392956,0.0,0.0,0.0,0.0,0.0,0.0,0.0
13.064583332161254,74.9333331668771,0.0,0.0,0.0,0.0,0.0,0.0,0.0
13.064583332161254,74.93761054982465,0.0,0.0,0.0,0.0,0.0,0.0,0.0
13.064583332161254,74.94188793277223,0.0,0.0,0.0,0.0,0.0,0.0,0.0
13.064583332161254,74.9461653157198,0.0,0.0,0.0,0.0,0.0,0.0,0.0
13.064583332161254,74.95044269866735,0.0,0.0,0.0,0.0,0.0,0.0,0.0
13.064583332161254,74.95472008161491,0.0,0.0,0.0,0.0,0.0,0.0,0.0
13.064583332161254,74.95899746456246,0.0,0.0,0.0,0.0,0.0,0.0,0.0
13.064583332161254,74.96327484751002,0.0,0.0,0.0,0.0,0.0,0.0,0.0
13.064583332161254,74.96755223045758,0.0,0.0,0.0,0.0,0.0,0.0,0.0
13.064583332161254,74.97182961340515,0.0,0.0,0.0,0.0,0.0,0.0,0.0
13.064583332161254,74.97610699635271,0.0,0.0,0.0,0.0,0.0,0.0,0.0
13.064583332161254,74.98038437930028,0.0,0.0,0.0,0.0,0.0,0.0,0.0
13.064583332161254,74.98466176224781,0.0,0.0,0.0,0.0,0.0,0.0,0.0
13.064583332161254,74.98893914519539,0.0,0.0,0.0,0.0,0.0,0.0,0.0
13.060416665494966,74.77380834475633,0.0,0.0,0.0,0.0,0.0,0.0,0.0
13.060416665494966,74.77808565553315,0.0,0.0,0.0,0.0,0.0,0.0,0.0
13.060416665494966,74.78236296630996,0.0357,0.1919,0.0196,0.0482,0.17009999,-2.8672,0.053099997
13.060416665494966,74.78664027708676,0.038,0.1633,0.0186,0.047199998,0.1634,-2.8672,0.0486
13.060416665494966,74.79091758786356,0.0,0.0,0.0,0.0,0.0,0.0,0.0
13.060416665494966,74.79519489864035,0.0,0.0,0.0,0.0,0.0,0.0,0.0
13.060416665494966,74.79947220941716,0.0,0.0,0.0,0.0,0.0,0.0,0.0
13.060416665494966,74.80374952019397,0.0,0.0,0.0,0.0,0.0,0.0,0.0
13.060416665494966,74.80802683097077,0.0,0.0,0.0,0.0,0.0,0.0,0.0
13.060416665494966,74.81230414174757,0.0,0.0,0.0,0.0,0.0,0.0,0.0
13.060416665494966,74.81658145252437,0.0,0.0,0.0,0.0,0.0,0.0,0.0
13.060416665494966,74.82085876330119,0.0,0.0,0.0,0.0,0.0,0.0,0.0
13.060416665494966,74.825136074078,0.0,0.0,0.0,0.0,0.0,0.0,0.0
13.060416665494966,74.8294133848548,0.0,0.0,0.0,0.0,0.0,0.0,0.0
13.060416665494966,74.83369069563159,0.0,0.0,0.0,0.0,0.0,0.0,0.0
13.060416665494966,74.8379680064084,0.0,0.0,0.0,0.0,0.0,0.0,0.0
13.060416665494966,74.8422453171852,0.0,0.0,0.0,0.0,0.0,0.0,0.0
13.060416665494966,74.84652262796202,0.0,0.0,0.0,0.0,0.0,0.0,0.0
13.060416665494966,74.85079993873882,0.0,0.0,0.0,0.0,0.0,0.0,0.0
13.060416665494966,74.85507724951562,0.0,0.0,0.0,0.0,0.0,0.0,0.0
13.060416665494966,74.85935456029243,0.0,0.0,0.0,0.0,0.0,0.0,0.0
13.060416665494966,74.86363187106924,0.0,0.0,0.0,0.0,0.0,0.0,0.0
13.060416665494966,74.86790918184604,0.0,0.0,0.0,0.0,0.0,0.0,0.0
13.060416665494966,74.87218649262284,0.0,0.0,0.0,0.0,0.0,0.0,0.0
13.060416665494966,74.87646380339963,0.0,0.0,0.0,0.0,0.0,0.0,0.0
13.060416665494966,74.88074111417644,0.0,0.0,0.0,0.0,0.0,0.0,0.0
13.060416665494966,74.88501842495326,0.0,0.0,0.0,0.0,0.0,0.0,0.0
13.060416665494966,74.88929573573006,0.0,0.0,0.0,0.0,0.0,0.0,0.0
13.060416665494966,74.89357304650687,0.0,0.0,0.0,0.0,0.0,0.0,0.0
13.060416665494966,74.89785035728367,0.0,0.0,0.0,0.0,0.0,0.0,0.0
13.060416665494966,74.90212766806047,0.0,0.0,0.0,0.0,0.0,0.0,0.0
13.060416665494966,74.90640497883729,0.0,0.0,0.0,0.0,0.0,0.0,0.0
13.060416665494966,74.91068228961409,0.0,0.0,0.0,0.0,0.0,0.0,0.0
13.060416665494966,74.91495960039089,0.0,0.0,0.0,0.0,0.0,0.0,0.0
13.060416665494966,74.91923691116769,0.0,0.0,0.0,0.0,0.0,0.0,0.0
13.060416665494966,74.9235142219445,0.0,0.0,0.0,0.0,0.0,0.0,0.0
13.060416665494966,74.92779153272132,0.0,0.0,0.0,0.0,0.0,0.0,0.0
13.060416665494966,74.93206884349812,0.0,0.0,0.0,0.0,0.0,0.0,0.0
13.060416665494966,74.93634615427491,0.0,0.0,0.0,0.0,0.0,0.0,0.0
13.060416665494966,74.94062346505171,0.0,0.0,0.0,0.0,0.0,0.0,0.0
13.060416665494966,74.94490077582853,0.0,0.0,0.0,0.0,0.0,0.0,0.0
13.060416665494966,74.94917808660531,0.0,0.0,0.0,0.0,0.0,0.0,0.0
13.060416665494966,74.95345539738213,0.0,0.0,0.0,0.0,0.0,0.0,0.0
13.060416665494966,74.95773270815894,0.0,0.0,0.0,0.0,0.0,0.0,0.0
13.060416665494966,74.96201001893573,0.0,0.0,0.0,0.0,0.0,0.0,0.0
13.060416665494966,74.96628732971254,0.0,0.0,0.0,0.0,0.0,0.0,0.0
13.060416665494966,74.97056464048934,0.0,0.0,0.0,0.0,0.0,0.0,0.0
13.060416665494966,74.97484195126616,0.0,0.0,0.0,0.0,0.0,0.0,0.0
13.060416665494966,74.97911926204297,0.0,0.0,0.0,0.0,0.0,0.0,0.0
13.060416665494966,74.98339657281977,0.0,0.0,0.0,0.0,0.0,0.0,0.0
13.060416665494966,74.98767388359657,0.0,0.0,0.0,0.0,0.0,0.0,0.0
13.056249998828674,74.77254712969713,0.0,0.0,0.0,0.0,0.0,0.0,0.0
13.056249998828674,74.77682436832823,0.0,0.0,0.0,0.0,0.0,0.0,0.0
13.056249998828674,74.78110160695934,0.0,0.0,0.0,0.0,0.0,0.0,0.0
13.056249998828674,74.78537884559044,0.038,0.1633,0.0186,0.047199998,0.1634,-2.8672,0.0486
13.056249998828674,74.78965608422155,0.028199999,0.22109999,0.011,0.0381,0.2121,-2.8672,0.0645
13.056249998828674,74.79393332285264,0.0,0.0,0.0,0.0,0.0,0.0,0.0
13.056249998828674,74.79821056148374,0.0,0.0,0.0,0.0,0.0,0.0,0.0
13.056249998828674,74.80248780011486,0.0,0.0,0.0,0.0,0.0,0.0,0.0
13.056249998828674,74.80676503874595,0.0,0.0,0.0,0.0,0.0,0.0,0.0
13.056249998828674,74.81104227737707,0.0,0.0,0.0,0.0,0.0,0.0,0.0
13.056249998828674,74.81531951600817,0.0,0.0,0.0,0.0,0.0,0.0,0.0
13.056249998828674,74.81959675463928,0.0,0.0,0.0,0.0,0.0,0.0,0.0
13.056249998828674,74.82387399327038,0.0,0.0,0.0,0.0,0.0,0.0,0.0
13.056249998828674,74.82815123190149,0.0,0.0,0.0,0.0,0.0,0.0,0.0
13.056249998828674,74.83242847053258,0.0,0.0,0.0,0.0,0.0,0.0,0.0
13.056249998828674,74.8367057091637,0.0,0.0,0.0,0.0,0.0,0.0,0.0
13.056249998828674,74.84098294779479,0.0,0.0,0.0,0.0,0.0,0.0,0.0
13.056249998828674,74.84526018642589,0.0,0.0,0.0,0.0,0.0,0.0,0.0
13.056249998828674,74.84953742505701,0.0,0.0,0.0,0.0,0.0,0.0,0.0
13.056249998828674,74.85381466368811,0.0,0.0,0.0,0.0,0.0,0.0,0.0
13.056249998828674,74.85809190231923,0.0,0.0,0.0,0.0,0.0,0.0,0.0
13.056249998828674,74.86236914095034,0.0,0.0,0.0,0.0,0.0,0.0,0.0
13.056249998828674,74.86664637958143,0.0,0.0,0.0,0.0,0.0,0.0,0.0
13.056249998828674,74.87092361821253,0.0,0.0,0.0,0.0,0.0,0.0,0.0
13.056249998828674,74.87520085684362,0.0,0.0,0.0,0.0,0.0,0.0,0.0
13.056249998828674,74.87947809547472,0.0,0.0,0.0,0.0,0.0,0.0,0.0
13.056249998828674,74.88375533410584,0.0,0.0,0.0,0.0,0.0,0.0,0.0
13.056249998828674,74.88803257273695,0.0,0.0,0.0,0.0,0.0,0.0,0.0
13.056249998828674,74.89230981136805,0.0,0.0,0.0,0.0,0.0,0.0,0.0
13.056249998828674,74.89658704999916,0.0,0.0,0.0,0.0,0.0,0.0,0.0
13.056249998828674,74.90086428863026,0.0,0.0,0.0,0.0,0.0,0.0,0.0
13.056249998828674,74.90514152726136,0.0,0.0,0.0,0.0,0.0,0.0,0.0
13.056249998828674,74.90941876589248,0.0,0.0,0.0,0.0,0.0,0.0,0.0
13.056249998828674,74.91369600452357,0.0,0.0,0.0,0.0,0.0,0.0,0.0
13.056249998828674,74.91797324315468,0.0,0.0,0.0,0.0,0.0,0.0,0.0
13.056249998828674,74.92225048178578,0.0,0.0,0.0,0.0,0.0,0.0,0.0
13.056249998828674,74.92652772041689,0.0,0.0,0.0,0.0,0.0,0.0,0.0
13.056249998828674,74.930804959048,0.0,0.0,0.0,0.0,0.0,0.0,0.0
13.056249998828674,74.9350821976791,0.0,0.0,0.0,0.0,0.0,0.0,0.0
13.056249998828674,74.9393594363102,0.0,0.0,0.0,0.0,0.0,0.0,0.0
13.056249998828674,74.9436366749413,0.0,0.0,0.0,0.0,0.0,0.0,0.0
13.056249998828674,74.94791391357239,0.0,0.0,0.0,0.0,0.0,0.0,0.0
13.056249998828674,74.95219115220351,0.0,0.0,0.0,0.0,0.0,0.0,0.0
13.056249998828674,74.95646839083462,0.0,0.0,0.0,0.0,0.0,0.0,0.0
13.056249998828674,74.96074562946572,0.0,0.0,0.0,0.0,0.0,0.0,0.0
13.056249998828674,74.96502286809682,0.0,0.0,0.0,0.0,0.0,0.0,0.0
13.056249998828674,74.96930010672793,0.0,0.0,0.0,0.0,0.0,0.0,0.0
13.056249998828674,74.97357734535903,0.0,0.0,0.0,0.0,0.0,0.0,0.0
13.056249998828674,74.97785458399014,0.0,0.0,0.0,0.0,0.0,0.0,0.0
13.056249998828674,74.98213182262124,0.0,0.0,0.0,0.0,0.0,0.0,0.0
13.056249998828674,74.98640906125235,0.0,0.0,0.0,0.0,0.0,0.0,0.0
13.052083332162386,74.77128635260425,0.0,0.0,0.0,0.0,0.0,0.0,0.0
13.052083332162386,74.77556351911471,0.0,0.0,0.0,0.0,0.0,0.0,0.0
13.052083332162386,74.77984068562517,0.0,0.0,0.0,0.0,0.0,0.0,0.0
13.052083332162386,74.78411785213562,0.033099998,0.1942,0.0168,0.0449,0.17729999,-2.8672,0.051999997
13.052083332162386,74.78839501864607,0.033099998,0.1942,0.0168,0.0449,0.17729999,-2.8672,0.051999997
13.052083332162386,74.79267218515652,0.0,0.0,0.0,0.0,0.0,0.0,0.0
13.052083332162386,74.79694935166698,0.0,0.0,0.0,0.0,0.0,0.0,0.0
13.052083332162386,74.80122651817744,0.0,0.0,0.0,0.0,0.0,0.0,0.0
13.052083332162386,74.80550368468789,0.0,0.0,0.0,0.0,0.0,0.0,0.0
13.052083332162386,74.80978085119835,0.0,0.0,0.0,0.0,0.0,0.0,0.0
13.052083332162386,74.81405801770882,0.0,0.0,0.0,0.0,0.0,0.0,0.0
13.052083332162386,74.81833518421928,0.0,0.0,0.0,0.0,0.0,0.0,0.0
13.052083332162386,74.82261235072974,0.0,0.0,0.0,0.0,0.0,0.0,0.0
13.052083332162386,74.8268895172402,0.0,0.0,0.0,0.0,0.0,0.0,0.0
13.052083332162386,74.83116668375064,0.0,0.0,0.0,0.0,0.0,0.0,0.0
13.052083332162386,74.8354438502611,0.0,0.0,0.0,0.0,0.0,0.0,0.0
13.052083332162386,74.83972101677155,0.0,0.0,0.0,0.0,0.0,0.0,0.0
13.052083332162386,74.84399818328201,0.0,0.0,0.0,0.0,0.0,0.0,0.0
13.052083332162386,74.84827534979247,0.0,0.0,0.0,0.0,0.0,0.0,0.0
13.052083332162386,74.85255251630294,0.0,0.0,0.0,0.0,0.0,0.0,0.0
13.052083332162386,74.8568296828134,0.0,0.0,0.0,0.0,0.0,0.0,0.0
13.052083332162386,74.86110684932386,0.0,0.0,0.0,0.0,0.0,0.0,0.0
13.052083332162386,74.86538401583431,0.0,0.0,0.0,0.0,0.0,0.0,0.0
13.052083332162386,74.86966118234476,0.0,0.0,0.0,0.0,0.0,0.0,0.0
13.052083332162386,74.8739383488552,0.0,0.0,0.0,0.0,0.0,0.0,0.0
13.052083332162386,74.87821551536567,0.0,0.0,0.0,0.0,0.0,0.0,0.0
13.052083332162386,74.88249268187613,0.0,0.0,0.0,0.0,0.0,0.0,0.0
13.052083332162386,74.88676984838659,0.0,0.0,0.0,0.0,0.0,0.0,0.0
13.052083332162386,74.89104701489704,0.0,0.0,0.0,0.0,0.0,0.0,0.0
13.052083332162386,74.89532418140752,0.0,0.0,0.0,0.0,0.0,0.0,0.0
13.052083332162386,74.89960134791797,0.0,0.0,0.0,0.0,0.0,0.0,0.0
13.052083332162386,74.90387851442843,0.0,0.0,0.0,0.0,0.0,0.0,0.0
13.052083332162386,74.90815568093889,0.0,0.0,0.0,0.0,0.0,0.0,0.0
13.052083332162386,74.91243284744932,0.0,0.0,0.0,0.0,0.0,0.0,0.0
13.052083332162386,74.91671001395979,0.0,0.0,0.0,0.0,0.0,0.0,0.0
13.052083332162386,74.92098718047025,0.0,0.0,0.0,0.0,0.0,0.0,0.0
13.052083332162386,74.92526434698071,0.0,0.0,0.0,0.0,0.0,0.0,0.0
13.052083332162386,74.92954151349116,0.0,0.0,0.0,0.0,0.0,0.0,0.0
13.052083332162386,74.93381868000162,0.0,0.0,0.0,0.0,0.0,0.0,0.0
13.052083332162386,74.93809584651208,0.0,0.0,0.0,0.0,0.0,0.0,0.0
13.052083332162386,74.94237301302255,0.0,0.0,0.0,0.0,0.0,0.0,0.0
13.052083332162386,74.946650179533,0.0,0.0,0.0,0.0,0.0,0.0,0.0
13.052083332162386,74.95092734604344,0.0,0.0,0.0,0.0,0.0,0.0,0.0
13.052083332162386,74.9552045125539,0.0,0.0,0.0,0.0,0.0,0.0,0.0
13.052083332162386,74.95948167906435,0.0,0.0,0.0,0.0,0.0,0.0,0.0
13.052083332162386,74.96375884557482,0.0,0.0,0.0,0.0,0.0,0.0,0.0
13.052083332162386,74.96803601208528,0.0,0.0,0.0,0.0,0.0,0.0,0.0
13.052083332162386,74.97231317859573,0.0,0.0,0.0,0.0,0.0,0.0,0.0
13.052083332162386,74.97659034510619,0.0,0.0,0.0,0.0,0.0,0.0,0.0
13.052083332162386,74.98086751161665,0.0,0.0,0.0,0.0,0.0,0.0,0.0
13.052083332162386,74.98514467812711,0.0,0.0,0.0,0.0,0.0,0.0,0.0
13.047916665496095,74.77002601344222,0.0,0.0,0.0,0.0,0.0,0.0,0.0
13.047916665496095,74.77430310785707,0.0,0.0,0.0,0.0,0.0,0.0,0.0
13.047916665496095,74.77858020227194,0.0,0.0,0.0,0.0,0.0,0.0,0.0
13.047916665496095,74.78285729668679,0.0722,0.13769999,0.041899998,0.0758,0.1441,-2.8672,0.0471
13.047916665496095,74.78713439110166,0.0,0.0,0.0,0.0,0.0,0.0,0.0
13.047916665496095,74.7914114855165,0.0,0.0,0.0,0.0,0.0,0.0,0.0
13.047916665496095,74.79568857993137,0.0,0.0,0.0,0.0,0.0,0.0,0.0
13.047916665496095,74.79996567434624,0.0,0.0,0.0,0.0,0.0,0.0,0.0
13.047916665496095,74.80424276876109,0.0,0.0,0.0,0.0,0.0,0.0,0.0
13.047916665496095,74.80851986317595,0.0,0.0,0.0,0.0,0.0,0.0,0.0
13.047916665496095,74.8127969575908,0.0,0.0,0.0,0.0,0.0,0.0,0.0
13.047916665496095,74.81707405200568,0.0,0.0,0.0,0.0,0.0,0.0,0.0
13.047916665496095,74.82135114642054,0.0,0.0,0.0,0.0,0.0,0.0,0.0
13.047916665496095,74.82562824083541,0.0,0.0,0.0,0.0,0.0,0.0,0.0
13.047916665496095,74.82990533525026,0.0,0.0,0.0,0.0,0.0,0.0,0.0
13.047916665496095,74.83418242966512,0.0,0.0,0.0,0.0,0.0,0.0,0.0
13.047916665496095,74.83845952407997,0.0,0.0,0.0,0.0,0.0,0.0,0.0
13.047916665496095,74.84273661849484,0.0,0.0,0.0,0.0,0.0,0.0,0.0
13.047916665496095,74.8470137129097,0.0,0.0,0.0,0.0,0.0,0.0,0.0
13.047916665496095,74.85129080732457,0.0,0.0,0.0,0.0,0.0,0.0,0.0
13.047916665496095,74.85556790173943,0.0,0.0,0.0,0.0,0.0,0.0,0.0
13.047916665496095,74.8598449961543,0.0,0.0,0.0,0.0,0.0,0.0,0.0
13.047916665496095,74.86412209056914,0.0,0.0,0.0,0.0,0.0,0.0,0.0
13.047916665496095,74.86839918498401,0.0,0.0,0.0,0.0,0.0,0.0,0.0
13.047916665496095,74.87267627939886,0.0,0.0,0.0,0.0,0.0,0.0,0.0
13.047916665496095,74.87695337381373,0.027999999,0.2262,0.013499999,0.0315,0.2103,0.105799995,0.041899998
13.047916665496095,74.8812304682286,0.022799999,0.22659999,0.0116,0.0288,0.2034,0.0928,0.035099998
13.047916665496095,74.88550756264347,0.022799999,0.22659999,0.0116,0.0288,0.2034,0.0928,0.035099998
13.047916665496095,74.88978465705831,0.0245,0.2402,0.0127,0.0326,0.2207,0.113199994,0.0444
13.047916665496095,74.89406175147319,0.0,0.0,0.0,0.0,0.0,0.0,0.0
13.047916665496095,74.89833884588803,0.0,0.0,0.0,0.0,0.0,0.0,0.0
13.047916665496095,74.90261594030291,0.0,0.0,0.0,0.0,0.0,0.0,0.0
13.047916665496095,74.90689303471777,0.0,0.0,0.0,0.0,0.0,0.0,0.0
13.047916665496095,74.91117012913263,0.0,0.0,0.0,0.0,0.0,0.0,0.0
13.047916665496095,74.91544722354749,0.0,0.0,0.0,0.0,0.0,0.0,0.0
13.047916665496095,74.91972431796235,0.0,0.0,0.0,0.0,0.0,0.0,0.0
13.047916665496095,74.92400141237721,0.0,0.0,0.0,0.0,0.0,0.0,0.0
13.047916665496095,74.92827850679208,0.0,0.0,0.0,0.0,0.0,0.0,0.0
13.047916665496095,74.93255560120693,0.0,0.0,0.0,0.0,0.0,0.0,0.0
13.047916665496095,74.9368326956218,0.0,0.0,0.0,0.0,0.0,0.0,0.0
13.047916665496095,74.94110979003666,0.0,0.0,0.0,0.0,0.0,0.0,0.0
13.047916665496095,74.94538688445151,0.0,0.0,0.0,0.0,0.0,0.0,0.0
13.047916665496095,74.94966397886637,0.0,0.0,0.0,0.0,0.0,0.0,0.0
13.047916665496095,74.95394107328124,0.0,0.0,0.0,0.0,0.0,0.0,0.0
13.047916665496095,74.95821816769609,0.0,0.0,0.0,0.0,0.0,0.0,0.0
13.047916665496095,74.96249526211096,0.0,0.0,0.0,0.0,0.0,0.0,0.0
13.047916665496095,74.96677235652582,0.0,0.0,0.0,0.0,0.0,0.0,0.0
13.047916665496095,74.9710494509407,0.0,0.0,0.0,0.0,0.0,0.0,0.0
13.047916665496095,74.97532654535554,0.0,0.0,0.0,0.0,0.0,0.0,0.0
13.047916665496095,74.97960363977039,0.0,0.0,0.0,0.0,0.0,0.0,0.0
13.047916665496095,74.98388073418526,0.0,0.0,0.0,0.0,0.0,0.0,0.0
13.043749998829803,74.76876611217554,0.0,0.0,0.0,0.0,0.0,0.0,0.0
13.043749998829803,74.77304313451985,0.0,0.0,0.0,0.0,0.0,0.0,0.0
13.043749998829803,74.77732015686418,0.0,0.0,0.0,0.0,0.0,0.0,0.0
13.043749998829803,74.78159717920849,0.073,0.1406,0.0427,0.080299996,0.1537,-2.8672,0.059299998
13.043749998829803,74.7858742015528,0.035,0.19929999,0.013499999,0.043399997,0.1961,-2.8672,0.058
13.043749998829803,74.79015122389711,0.0,0.0,0.0,0.0,0.0,0.0,0.0
13.043749998829803,74.79442824624142,0.0,0.0,0.0,0.0,0.0,0.0,0.0
13.043749998829803,74.79870526858573,0.0,0.0,0.0,0.0,0.0,0.0,0.0
13.043749998829803,74.80298229093005,0.1013,0.4502,0.0541,0.1095,0.41849998,0.2925,0.1468
13.043749998829803,74.80725931327436,0.0389,0.22549999,0.0201,0.0411,0.21859999,0.1312,0.0638
13.043749998829803,74.81153633561868,0.0,0.0,0.0,0.0,0.0,0.0,0.0
13.043749998829803,74.815813357963,0.0,0.0,0.0,0.0,0.0,0.0,0.0
13.043749998829803,74.82009038030732,0.0,0.0,0.0,0.0,0.0,0.0,0.0
13.043749998829803,74.82436740265163,0.0,0.0,0.0,0.0,0.0,0.0,0.0
13.043749998829803,74.82864442499594,0.0,0.0,0.0,0.0,0.0,0.0,0.0
13.043749998829803,74.83292144734025,0.0,0.0,0.0,0.0,0.0,0.0,0.0
13.043749998829803,74.83719846968457,0.0,0.0,0.0,0.0,0.0,0.0,0.0
13.043749998829803,74.84147549202888,0.0,0.0,0.0,0.0,0.0,0.0,0.0
13.043749998829803,74.84575251437319,0.0,0.0,0.0,0.0,0.0,0.0,0.0
13.043749998829803,74.85002953671751,0.0,0.0,0.0,0.0,0.0,0.0,0.0
13.043749998829803,74.85430655906183,0.0,0.0,0.0,0.0,0.0,0.0,0.0
13.043749998829803,74.85858358140614,0.0,0.0,0.0,0.0,0.0,0.0,0.0
13.043749998829803,74.86286060375046,0.0,0.0,0.0,0.0,0.0,0.0,0.0
13.043749998829803,74.86713762609477,0.03,0.2287,0.015899999,0.035099998,0.205,0.1222,0.062699996
13.043749998829803,74.87141464843907,0.0418,0.21229999,0.0199,0.0398,0.20639999,0.1161,0.0602
13.043749998829803,74.8756916707834,0.027999999,0.2262,0.013499999,0.0315,0.2103,0.105799995,0.041899998
13.043749998829803,74.87996869312771,0.0,0.0,0.0,0.0,0.0,0.0,0.0
13.043749998829803,74.88424571547202,0.0,0.0,0.0,0.0,0.0,0.0,0.0
13.043749998829803,74.88852273781634,0.0206,0.23249999,0.0104,0.0289,0.2118,-2.8672,0.035299998
13.043749998829803,74.89279976016066,0.0206,0.23249999,0.0104,0.0289,0.2118,-2.8672,0.035299998
13.043749998829803,74.89707678250495,0.0,0.0,0.0,0.0,0.0,0.0,0.0
13.043749998829803,74.9013538048493,0.0,0.0,0.0,0.0,0.0,0.0,0.0
13.043749998829803,74.9056308271936,0.0,0.0,0.0,0.0,0.0,0.0,0.0
13.043749998829803,74.9099078495379,0.0,0.0,0.0,0.0,0.0,0.0,0.0
13.043749998829803,74.91418487188223,0.0,0.0,0.0,0.0,0.0,0.0,0.0
13.043749998829803,74.91846189422654,0.0,0.0,0.0,0.0,0.0,0.0,0.0
13.043749998829803,74.92273891657085,0.0,0.0,0.0,0.0,0.0,0.0,0.0
13.043749998829803,74.92701593891518,0.0,0.0,0.0,0.0,0.0,0.0,0.0
13.043749998829803,74.93129296125947,0.0,0.0,0.0,0.0,0.0,0.0,0.0
13.043749998829803,74.9355699836038,0.0,0.0,0.0,0.0,0.0,0.0,0.0
13.043749998829803,74.93984700594812,0.0,0.0,0.0,0.0,0.0,0.0,0.0
13.043749998829803,74.94412402829242,0.0,0.0,0.0,0.0,0.0,0.0,0.0
13.043749998829803,74.94840105063675,0.0,0.0,0.0,0.0,0.0,0.0,0.0
13.043749998829803,74.95267807298106,0.0,0.0,0.0,0.0,0.0,0.0,0.0
13.043749998829803,74.95695509532536,0.0,0.0,0.0,0.0,0.0,0.0,0.0
13.043749998829803,74.96123211766968,0.0,0.0,0.0,0.0,0.0,0.0,0.0
13.043749998829803,74.96550914001399,0.0,0.0,0.0,0.0,0.0,0.0,0.0
13.043749998829803,74.9697861623583,0.0,0.0,0.0,0.0,0.0,0.0,0.0
13.043749998829803,74.97406318470263,0.0,0.0,0.0,0.0,0.0,0.0,0.0
13.043749998829803,74.97834020704694,0.0,0.0,0.0,0.0,0.0,0.0,0.0
13.043749998829803,74.98261722939125,0.0,0.0,0.0,0.0,0.0,0.0,0.0
13.039583332163513,74.76750664876877,0.0,0.0,0.0,0.0,0.0,0.0,0.0
13.039583332163513,74.77178359906759,0.0,0.0,0.0,0.0,0.0,0.0,0.0
13.039583332163513,74.7760605493664,0.0,0.0,0.0,0.0,0.0,0.0,0.0
13.039583332163513,74.78033749966522,0.0,0.0,0.0,0.0,0.0,0.0,0.0
13.039583332163513,74.78461444996402,0.0559,0.1911,0.0327,0.056199998,0.19049999,0.121,0.0585
13.039583332163513,74.78889140026284,0.0437,0.1955,0.0209,0.050699998,0.19649999,0.1348,0.066199996
13.039583332163513,74.79316835056166,0.0,0.0,0.0,0.0,0.0,0.0,0.0
13.039583332163513,74.79744530086047,0.047199998,0.2024,0.026099999,0.048699997,0.18439999,0.110599995,0.056399997
13.039583332163513,74.80172225115928,0.038399998,0.20189999,0.0202,0.0426,0.2031,0.12,0.050699998
13.039583332163513,74.80599920145809,0.0357,0.2147,0.0178,0.040799998,0.2078,0.116299994,0.0497
13.039583332163513,74.81027615175691,0.0357,0.2147,0.0178,0.040799998,0.2078,0.116299994,0.0497
13.039583332163513,74.81455310205574,0.0,0.0,0.0,0.0,0.0,0.0,0.0
13.039583332163513,74.81883005235454,0.0,0.0,0.0,0.0,0.0,0.0,0.0
13.039583332163513,74.82310700265337,0.0,0.0,0.0,0.0,0.0,0.0,0.0
13.039583332163513,74.82738395295216,0.0,0.0,0.0,0.0,0.0,0.0,0.0
13.039583332163513,74.83166090325099,0.0,0.0,0.0,0.0,0.0,0.0,0.0
13.039583332163513,74.8359378535498,0.0,0.0,0.0,0.0,0.0,0.0,0.0
13.039583332163513,74.84021480384861,0.0,0.0,0.0,0.0,0.0,0.0,0.0
13.039583332163513,74.84449175414743,0.0339,0.2453,0.0165,0.0396,0.22739999,0.12719999,0.055099998
13.039583332163513,74.84876870444624,0.0352,0.24849999,0.018199999,0.0414,0.2233,0.1328,0.061199997
13.039583332163513,74.85304565474506,0.0367,0.23519999,0.0179,0.0413,0.2198,-2.8672,0.052199997
13.039583332163513,74.85732260504389,0.0,0.0,0.0,0.0,0.0,0.0,0.0
13.039583332163513,74.86159955534268,0.0,0.0,0.0,0.0,0.0,0.0,0.0
13.039583332163513,74.86587650564151,0.0277,0.22999999,0.0144,0.0334,0.20809999,-2.8672,0.0405
13.039583332163513,74.87015345594031,0.0,0.0,0.0,0.0,0.0,0.0,0.0
13.039583332163513,74.87443040623913,0.0,0.0,0.0,0.0,0.0,0.0,0.0
13.039583332163513,74.87870735653794,0.0,0.0,0.0,0.0,0.0,0.0,0.0
13.039583332163513,74.88298430683676,0.0,0.0,0.0,0.0,0.0,0.0,0.0
13.039583332163513,74.88726125713558,0.0,0.0,0.0,0.0,0.0,0.0,0.0
13.039583332163513,74.8915382074344,0.021,0.2313,0.011899999,0.030499998,0.2065,-2.8672,0.037699997
13.039583332163513,74.8958151577332,0.020499999,0.2288,0.0098,0.0287,0.1998,-2.8672,0.036
13.039583332163513,74.90009210803203,0.022799999,0.2385,0.011399999,0.030299999,0.2066,-2.8672,0.037299998
13.039583332163513,74.90436905833083,0.022799999,0.2385,0.011399999,0.030299999,0.2066,-2.8672,0.037299998
13.039583332163513,74.90864600862965,0.0265,0.2338,0.0127,0.0317,0.22309999,-2.8672,0.0449
13.039583332163513,74.91292295892846,0.0,0.0,0.0,0.0,0.0,0.0,0.0
13.039583332163513,74.91719990922728,0.0286,0.2236,0.0143,0.033,0.2034,-2.8672,0.0423
13.039583332163513,74.9214768595261,0.0,0.0,0.0,0.0,0.0,0.0,0.0
13.039583332163513,74.92575380982491,0.0252,0.22819999,0.0144,0.033099998,0.2146,-2.8672,0.0503
13.039583332163513,74.93003076012371,0.0,0.0,0.0,0.0,0.0,0.0,0.0
13.039583332163513,74.93430771042254,0.0,0.0,0.0,0.0,0.0,0.0,0.0
13.039583332163513,74.93858466072135,0.0,0.0,0.0,0.0,0.0,0.0,0.0
13.039583332163513,74.94286161102016,0.0,0.0,0.0,0.0,0.0,0.0,0.0
13.039583332163513,74.94713856131897,0.0,0.0,0.0,0.0,0.0,0.0,0.0
13.039583332163513,74.9514155116178,0.0,0.0,0.0,0.0,0.0,0.0,0.0
13.039583332163513,74.9556924619166,0.0,0.0,0.0,0.0,0.0,0.0,0.0
13.039583332163513,74.95996941221541,0.0,0.0,0.0,0.0,0.0,0.0,0.0
13.039583332163513,74.96424636251423,0.0,0.0,0.0,0.0,0.0,0.0,0.0
13.039583332163513,74.96852331281305,0.0,0.0,0.0,0.0,0.0,0.0,0.0
13.039583332163513,74.97280026311186,0.0,0.0,0.0,0.0,0.0,0.0,0.0
13.039583332163513,74.97707721341068,0.0,0.0,0.0,0.0,0.0,0.0,0.0
13.039583332163513,74.98135416370948,0.0,0.0,0.0,0.0,0.0,0.0,0.0
13.035416665497223,74.76624762318649,0.0,0.0,0.0,0.0,0.0,0.0,0.0
13.035416665497223,74.77052450146485,0.0,0.0,0.0,0.0,0.0,0.0,0.0
13.035416665497223,74.77480137974321,0.0,0.0,0.0,0.0,0.0,0.0,0.0
13.035416665497223,74.77907825802156,0.0,0.0,0.0,0.0,0.0,0.0,0.0
13.035416665497223,74.78335513629992,0.0,0.0,0.0,0.0,0.0,0.0,0.0
13.035416665497223,74.78763201457826,0.0449,0.20359999,0.0241,0.0536,0.18159999,-2.8672,0.061899997
13.035416665497223,74.79190889285663,0.0449,0.20359999,0.0241,0.0536,0.18159999,-2.8672,0.061899997
13.035416665497223,74.796185771135,0.0442,0.19469999,0.025799999,0.046699997,0.2006,0.1161,0.0557
13.035416665497223,74.80046264941333,0.0,0.0,0.0,0.0,0.0,0.0,0.0
13.035416665497223,74.80473952769171,0.0,0.0,0.0,0.0,0.0,0.0,0.0
13.035416665497223,74.80901640597007,0.0347,0.2394,0.0184,0.0438,0.2254,0.1256,0.0515
13.035416665497223,74.81329328424843,0.0,0.0,0.0,0.0,0.0,0.0,0.0
13.035416665497223,74.81757016252679,0.0,0.0,0.0,0.0,0.0,0.0,0.0
13.035416665497223,74.82184704080515,0.0,0.0,0.0,0.0,0.0,0.0,0.0
13.035416665497223,74.8261239190835,0.0,0.0,0.0,0.0,0.0,0.0,0.0
13.035416665497223,74.83040079736188,0.028099999,0.2401,0.015199999,0.0369,0.2162,-2.8672,0.0426
13.035416665497223,74.83467767564021,0.027199998,0.23429999,0.013599999,0.0345,0.20439999,-2.8672,0.0431
13.035416665497223,74.83895455391858,0.0323,0.2262,0.015199999,0.0368,0.20989999,-2.8672,0.048899997
13.035416665497223,74.84323143219694,0.0308,0.2277,0.0169,0.037499998,0.21159999,-2.8672,0.0521
13.035416665497223,74.8475083104753,0.0308,0.2277,0.0169,0.037499998,0.21159999,-2.8672,0.0521
13.035416665497223,74.85178518875367,0.0367,0.23519999,0.0179,0.0413,0.2198,-2.8672,0.052199997
13.035416665497223,74.85606206703204,0.040599998,0.2366,0.0191,0.043899998,0.2129,-2.8672,0.048899997
13.035416665497223,74.86033894531037,0.0296,0.23339999,0.014599999,0.0358,0.2171,-2.8672,0.0501
13.035416665497223,74.86461582358875,0.0284,0.23959999,0.0149,0.0354,0.2245,-2.8672,0.0499
13.035416665497223,74.8688927018671,0.0,0.0,0.0,0.0,0.0,0.0,0.0
13.035416665497223,74.87316958014546,0.0,0.0,0.0,0.0,0.0,0.0,0.0
13.035416665497223,74.87744645842382,0.0,0.0,0.0,0.0,0.0,0.0,0.0
13.035416665497223,74.8817233367022,0.0,0.0,0.0,0.0,0.0,0.0,0.0
13.035416665497223,74.88600021498054,0.0,0.0,0.0,0.0,0.0,0.0,0.0
13.035416665497223,74.89027709325892,0.0,0.0,0.0,0.0,0.0,0.0,0.0
13.035416665497223,74.89455397153726,0.0,0.0,0.0,0.0,0.0,0.0,0.0
13.035416665497223,74.89883084981562,0.0184,0.2199,0.0089,0.026899999,0.2074,-2.8672,0.0412
13.035416665497223,74.90310772809399,0.0184,0.2252,0.0101,0.026899999,0.2024,-2.8672,0.0398
13.035416665497223,74.90738460637233,0.023799999,0.2228,0.0131,0.0319,0.20699999,-2.8672,0.048499998
13.035416665497223,74.9116614846507,0.023799999,0.2228,0.0131,0.0319,0.20699999,-2.8672,0.048499998
13.035416665497223,74.91593836292905,0.0286,0.2236,0.0143,0.033,0.2034,-2.8672,0.0423
13.035416665497223,74.92021524120742,0.0264,0.2269,0.0126,0.0325,0.21059999,-2.8672,0.0477
13.035416665497223,74.92449211948578,0.022799999,0.2218,0.0117999995,0.03,0.21069999,0.1087,0.0453
13.035416665497223,74.92876899776414,0.0275,0.23009999,0.013599999,0.0336,0.2171,0.122499995,0.0523
13.035416665497223,74.93304587604248,0.0286,0.2262,0.013499999,0.0335,0.21609999,0.1219,0.0543
13.035416665497223,74.93732275432086,0.0286,0.2262,0.013499999,0.0335,0.21609999,0.1219,0.0543
13.035416665497223,74.9415996325992,0.026099999,0.2298,0.0127,0.033,0.22129999,0.119899996,0.0499
13.035416665497223,74.94587651087757,0.0,0.0,0.0,0.0,0.0,0.0,0.0
13.035416665497223,74.95015338915593,0.0,0.0,0.0,0.0,0.0,0.0,0.0
13.035416665497223,74.95443026743429,0.0,0.0,0.0,0.0,0.0,0.0,0.0
13.035416665497223,74.95870714571264,0.0,0.0,0.0,0.0,0.0,0.0,0.0
13.035416665497223,74.96298402399101,0.0,0.0,0.0,0.0,0.0,0.0,0.0
13.035416665497223,74.96726090226937,0.0,0.0,0.0,0.0,0.0,0.0,0.0
13.035416665497223,74.97153778054773,0.0,0.0,0.0,0.0,0.0,0.0,0.0
13.035416665497223,74.97581465882608,0.0,0.0,0.0,0.0,0.0,0.0,0.0
13.035416665497223,74.98009153710446,0.0,0.0,0.0,0.0,0.0,0.0,0.0
13.031249998830935,74.7649890353932,0.0,0.0,0.0,0.0,0.0,0.0,0.0
13.031249998830935,74.76926584167616,0.0,0.0,0.0,0.0,0.0,0.0,0.0
13.031249998830935,74.7735426479591,0.0,0.0,0.0,0.0,0.0,0.0,0.0
13.031249998830935,74.77781945424204,0.0,0.0,0.0,0.0,0.0,0.0,0.0
13.031249998830935,74.78209626052498,0.0,0.0,0.0,0.0,0.0,0.0,0.0
13.031249998830935,74.78637306680793,0.0,0.0,0.0,0.0,0.0,0.0,0.0
13.031249998830935,74.79064987309087,0.0523,0.2217,0.0235,0.0541,0.20359999,0.1423,0.076299995
13.031249998830935,74.79492667937383,0.0442,0.19469999,0.025799999,0.046699997,0.2006,0.1161,0.0557
13.031249998830935,74.79920348565676,0.0,0.0,0.0,0.0,0.0,0.0,0.0
13.031249998830935,74.80348029193972,0.0,0.0,0.0,0.0,0.0,0.0,0.0
13.031249998830935,74.80775709822267,0.0,0.0,0.0,0.0,0.0,0.0,0.0
13.031249998830935,74.81203390450563,0.038599998,0.24749999,0.0186,0.044999998,0.2374,-2.8672,0.0625
13.031249998830935,74.81631071078857,0.0,0.0,0.0,0.0,0.0,0.0,0.0
13.031249998830935,74.82058751707152,0.0,0.0,0.0,0.0,0.0,0.0,0.0
13.031249998830935,74.82486432335446,0.0,0.0,0.0,0.0,0.0,0.0,0.0
13.031249998830935,74.8291411296374,0.028099999,0.2401,0.015199999,0.0369,0.2162,-2.8672,0.0426
13.031249998830935,74.83341793592034,0.027199998,0.23429999,0.013599999,0.0345,0.20439999,-2.8672,0.0431
13.031249998830935,74.8376947422033,0.023799999,0.2436,0.012999999,0.0337,0.2126,-2.8672,0.056599997
13.031249998830935,74.84197154848624,0.0257,0.22219999,0.0139999995,0.0343,0.2091,-2.8672,0.047
13.031249998830935,74.8462483547692,0.0,0.0,0.0,0.0,0.0,0.0,0.0
13.031249998830935,74.85052516105215,0.0,0.0,0.0,0.0,0.0,0.0,0.0
13.031249998830935,74.85480196733509,0.0,0.0,0.0,0.0,0.0,0.0,0.0
13.031249998830935,74.85907877361804,0.0,0.0,0.0,0.0,0.0,0.0,0.0
13.031249998830935,74.86335557990098,0.0,0.0,0.0,0.0,0.0,0.0,0.0
13.031249998830935,74.86763238618393,0.0,0.0,0.0,0.0,0.0,0.0,0.0
13.031249998830935,74.87190919246689,0.0,0.0,0.0,0.0,0.0,0.0,0.0
13.031249998830935,74.87618599874983,0.0,0.0,0.0,0.0,0.0,0.0,0.0
13.031249998830935,74.88046280503278,0.0,0.0,0.0,0.0,0.0,0.0,0.0
13.031249998830935,74.88473961131572,0.0,0.0,0.0,0.0,0.0,0.0,0.0
13.031249998830935,74.88901641759867,0.0,0.0,0.0,0.0,0.0,0.0,0.0
13.031249998830935,74.89329322388161,0.0,0.0,0.0,0.0,0.0,0.0,0.0
13.031249998830935,74.89757003016456,0.0,0.0,0.0,0.0,0.0,0.0,0.0
13.031249998830935,74.90184683644752,0.0,0.0,0.0,0.0,0.0,0.0,0.0
13.031249998830935,74.90612364273046,0.0,0.0,0.0,0.0,0.0,0.0,0.0
13.031249998830935,74.91040044901341,0.0,0.0,0.0,0.0,0.0,0.0,0.0
13.031249998830935,74.91467725529635,0.0,0.0,0.0,0.0,0.0,0.0,0.0
13.031249998830935,74.91895406157931,0.0,0.0,0.0,0.0,0.0,0.0,0.0
13.031249998830935,74.92323086786226,0.0,0.0,0.0,0.0,0.0,0.0,0.0
13.031249998830935,74.9275076741452,0.0,0.0,0.0,0.0,0.0,0.0,0.0
13.031249998830935,74.93178448042813,0.0266,0.2357,0.012,0.0323,0.2217,-2.8672,0.0534
13.031249998830935,74.9360612867111,0.0,0.0,0.0,0.0,0.0,0.0,0.0
13.031249998830935,74.94033809299404,0.0273,0.22989999,0.013599999,0.0327,0.2033,-2.8672,0.0448
13.031249998830935,74.94461489927698,0.0273,0.22989999,0.013599999,0.0327,0.2033,-2.8672,0.0448
13.031249998830935,74.94889170555993,0.021599999,0.2263,0.0081,0.0285,0.20729999,-2.8672,0.0436
13.031249998830935,74.95316851184288,0.0316,0.242,0.0158,0.0387,0.22379999,-2.8672,0.055099998
13.031249998830935,74.95744531812582,0.0316,0.242,0.0158,0.0387,0.22379999,-2.8672,0.055099998
13.031249998830935,74.96172212440878,0.0352,0.2351,0.0162,0.038799997,0.2214,-2.8672,0.0692
13.031249998830935,74.96599893069173,0.0,0.0,0.0,0.0,0.0,0.0,0.0
13.031249998830935,74.97027573697468,0.0,0.0,0.0,0.0,0.0,0.0,0.0
13.031249998830935,74.97455254325762,0.0,0.0,0.0,0.0,0.0,0.0,0.0
13.031249998830935,74.97882934954058,0.0,0.0,0.0,0.0,0.0,0.0,0.0
13.027083332164644,74.76373088535354,0.0,0.0,0.0,0.0,0.0,0.0,0.0
13.027083332164644,74.76800761966611,0.0,0.0,0.0,0.0,0.0,0.0,0.0
13.027083332164644,74.77228435397869,0.0,0.0,0.0,0.0,0.0,0.0,0.0
13.027083332164644,74.77656108829126,0.0,0.0,0.0,0.0,0.0,0.0,0.0
13.027083332164644,74.78083782260383,0.0,0.0,0.0,0.0,0.0,0.0,0.0
13.027083332164644,74.78511455691641,0.0,0.0,0.0,0.0,0.0,0.0,0.0
13.027083332164644,74.78939129122898,0.0,0.0,0.0,0.0,0.0,0.0,0.0
13.027083332164644,74.79366802554156,0.0,0.0,0.0,0.0,0.0,0.0,0.0
13.027083332164644,74.79794475985413,0.0,0.0,0.0,0.0,0.0,0.0,0.0
13.027083332164644,74.8022214941667,0.0,0.0,0.0,0.0,0.0,0.0,0.0
13.027083332164644,74.80649822847928,0.0,0.0,0.0,0.0,0.0,0.0,0.0
13.027083332164644,74.81077496279188,0.0523,0.22469999,0.0221,0.0457,0.2302,-2.8672,0.0733
13.027083332164644,74.81505169710445,0.0376,0.2346,0.0187,0.0423,0.22809999,-2.8672,0.0525
13.027083332164644,74.81932843141703,0.038799997,0.25149998,0.0186,0.0444,0.2332,-2.8672,0.0578
13.027083332164644,74.8236051657296,0.0,0.0,0.0,0.0,0.0,0.0,0.0
13.027083332164644,74.82788190004217,0.0334,0.2661,0.016999999,0.0425,0.2303,-2.8672,0.051099997
13.027083332164644,74.83215863435474,0.0,0.0,0.0,0.0,0.0,0.0,0.0
13.027083332164644,74.83643536866732,0.0,0.0,0.0,0.0,0.0,0.0,0.0
13.027083332164644,74.84071210297991,0.0257,0.22219999,0.0139999995,0.0343,0.2091,-2.8672,0.047
13.027083332164644,74.84498883729249,0.0,0.0,0.0,0.0,0.0,0.0,0.0
13.027083332164644,74.84926557160506,0.0,0.0,0.0,0.0,0.0,0.0,0.0
13.027083332164644,74.85354230591764,0.0,0.0,0.0,0.0,0.0,0.0,0.0
13.027083332164644,74.85781904023021,0.0,0.0,0.0,0.0,0.0,0.0,0.0
13.027083332164644,74.86209577454278,0.0,0.0,0.0,0.0,0.0,0.0,0.0
13.027083332164644,74.86637250885536,0.0,0.0,0.0,0.0,0.0,0.0,0.0
13.027083332164644,74.87064924316795,0.0,0.0,0.0,0.0,0.0,0.0,0.0
13.027083332164644,74.87492597748052,0.0,0.0,0.0,0.0,0.0,0.0,0.0
13.027083332164644,74.8792027117931,0.0,0.0,0.0,0.0,0.0,0.0,0.0
13.027083332164644,74.88347944610567,0.0,0.0,0.0,0.0,0.0,0.0,0.0
13.027083332164644,74.88775618041825,0.0,0.0,0.0,0.0,0.0,0.0,0.0
13.027083332164644,74.89203291473082,0.0,0.0,0.0,0.0,0.0,0.0,0.0
13.027083332164644,74.8963096490434,0.0,0.0,0.0,0.0,0.0,0.0,0.0
13.027083332164644,74.90058638335599,0.0,0.0,0.0,0.0,0.0,0.0,0.0
13.027083332164644,74.90486311766855,0.0,0.0,0.0,0.0,0.0,0.0,0.0
13.027083332164644,74.90913985198112,0.0,0.0,0.0,0.0,0.0,0.0,0.0
13.027083332164644,74.9134165862937,0.0,0.0,0.0,0.0,0.0,0.0,0.0
13.027083332164644,74.91769332060629,0.0,0.0,0.0,0.0,0.0,0.0,0.0
13.027083332164644,74.92197005491887,0.0,0.0,0.0,0.0,0.0,0.0,0.0
13.027083332164644,74.92624678923144,0.0,0.0,0.0,0.0,0.0,0.0,0.0
13.027083332164644,74.93052352354401,0.0,0.0,0.0,0.0,0.0,0.0,0.0
13.027083332164644,74.9348002578566,0.0,0.0,0.0,0.0,0.0,0.0,0.0
13.027083332164644,74.93907699216916,0.0,0.0,0.0,0.0,0.0,0.0,0.0
13.027083332164644,74.94335372648173,0.0,0.0,0.0,0.0,0.0,0.0,0.0
13.027083332164644,74.94763046079431,0.0,0.0,0.0,0.0,0.0,0.0,0.0
13.027083332164644,74.9519071951069,0.0,0.0,0.0,0.0,0.0,0.0,0.0
13.027083332164644,74.95618392941947,0.0,0.0,0.0,0.0,0.0,0.0,0.0
13.027083332164644,74.96046066373205,0.035499997,0.235,0.015,0.0382,0.21949999,0.13159999,0.0638
13.027083332164644,74.96473739804463,0.0317,0.23429999,0.0145,0.0356,0.2217,-2.8672,0.059699997
13.027083332164644,74.9690141323572,0.0,0.0,0.0,0.0,0.0,0.0,0.0
13.027083332164644,74.97329086666977,0.0,0.0,0.0,0.0,0.0,0.0,0.0
13.027083332164644,74.97756760098237,0.0,0.0,0.0,0.0,0.0,0.0,0.0
13.022916665498355,74.76247317303205,0.0,0.0,0.0,0.0,0.0,0.0,0.0
13.022916665498355,74.7667498353993,0.0,0.0,0.0,0.0,0.0,0.0,0.0
13.022916665498355,74.77102649776654,0.0,0.0,0.0,0.0,0.0,0.0,0.0
13.022916665498355,74.77530316013379,0.0,0.0,0.0,0.0,0.0,0.0,0.0
13.022916665498355,74.77957982250103,0.0,0.0,0.0,0.0,0.0,0.0,0.0
13.022916665498355,74.78385648486827,0.0,0.0,0.0,0.0,0.0,0.0,0.0
13.022916665498355,74.78813314723551,0.0,0.0,0.0,0.0,0.0,0.0,0.0
13.022916665498355,74.79240980960276,0.0,0.0,0.0,0.0,0.0,0.0,0.0
13.022916665498355,74.79668647196999,0.0,0.0,0.0,0.0,0.0,0.0,0.0
13.022916665498355,74.80096313433725,0.0,0.0,0.0,0.0,0.0,0.0,0.0
13.022916665498355,74.80523979670448,0.0,0.0,0.0,0.0,0.0,0.0,0.0
13.022916665498355,74.80951645907174,0.0,0.0,0.0,0.0,0.0,0.0,0.0
13.022916665498355,74.81379312143899,0.0,0.0,0.0,0.0,0.0,0.0,0.0
13.022916665498355,74.81806978380624,0.0346,0.2465,0.019299999,0.0424,0.2447,-2.8672,0.071499996
13.022916665498355,74.82234644617347,0.037299998,0.24669999,0.0188,0.042,0.2287,-2.8672,0.0654
13.022916665498355,74.82662310854073,0.0328,0.2346,0.0176,0.0396,0.2216,-2.8672,0.0629
13.022916665498355,74.83089977090795,0.0,0.0,0.0,0.0,0.0,0.0,0.0
13.022916665498355,74.83517643327521,0.0,0.0,0.0,0.0,0.0,0.0,0.0
13.022916665498355,74.83945309564245,0.0,0.0,0.0,0.0,0.0,0.0,0.0
13.022916665498355,74.8437297580097,0.0,0.0,0.0,0.0,0.0,0.0,0.0
13.022916665498355,74.84800642037695,0.0,0.0,0.0,0.0,0.0,0.0,0.0
13.022916665498355,74.85228308274418,0.0,0.0,0.0,0.0,0.0,0.0,0.0
13.022916665498355,74.85655974511143,0.0,0.0,0.0,0.0,0.0,0.0,0.0
13.022916665498355,74.86083640747867,0.0,0.0,0.0,0.0,0.0,0.0,0.0
13.022916665498355,74.8651130698459,0.0,0.0,0.0,0.0,0.0,0.0,0.0
13.022916665498355,74.86938973221315,0.0,0.0,0.0,0.0,0.0,0.0,0.0
13.022916665498355,74.87366639458041,0.0,0.0,0.0,0.0,0.0,0.0,0.0
13.022916665498355,74.87794305694764,0.0,0.0,0.0,0.0,0.0,0.0,0.0
13.022916665498355,74.8822197193149,0.0,0.0,0.0,0.0,0.0,0.0,0.0
13.022916665498355,74.88649638168215,0.0,0.0,0.0,0.0,0.0,0.0,0.0
13.022916665498355,74.89077304404938,0.0,0.0,0.0,0.0,0.0,0.0,0.0
13.022916665498355,74.89504970641663,0.0,0.0,0.0,0.0,0.0,0.0,0.0
13.022916665498355,74.89932636878387,0.0,0.0,0.0,0.0,0.0,0.0,0.0
13.022916665498355,74.9036030311511,0.0,0.0,0.0,0.0,0.0,0.0,0.0
13.022916665498355,74.90787969351837,0.0,0.0,0.0,0.0,0.0,0.0,0.0
13.022916665498355,74.9121563558856,0.0,0.0,0.0,0.0,0.0,0.0,0.0
13.022916665498355,74.91643301825286,0.0,0.0,0.0,0.0,0.0,0.0,0.0
13.022916665498355,74.9207096806201,0.0,0.0,0.0,0.0,0.0,0.0,0.0
13.022916665498355,74.92498634298734,0.0,0.0,0.0,0.0,0.0,0.0,0.0
13.022916665498355,74.92926300535458,0.0,0.0,0.0,0.0,0.0,0.0,0.0
13.022916665498355,74.93353966772185,0.0,0.0,0.0,0.0,0.0,0.0,0.0
13.022916665498355,74.93781633008906,0.0,0.0,0.0,0.0,0.0,0.0,0.0
13.022916665498355,74.94209299245632,0.0,0.0,0.0,0.0,0.0,0.0,0.0
13.022916665498355,74.94636965482357,0.0,0.0,0.0,0.0,0.0,0.0,0.0
13.022916665498355,74.9506463171908,0.0,0.0,0.0,0.0,0.0,0.0,0.0
13.022916665498355,74.95492297955805,0.0,0.0,0.0,0.0,0.0,0.0,0.0
13.022916665498355,74.95919964192531,0.0,0.0,0.0,0.0,0.0,0.0,0.0
13.022916665498355,74.96347630429254,0.0284,0.2316,0.013499999,0.034399997,0.21949999,0.13159999,0.0638
13.022916665498355,74.9677529666598,0.0319,0.2316,0.0166,0.036599997,0.2295,0.125,0.0541
13.022916665498355,74.97202962902703,0.0,0.0,0.0,0.0,0.0,0.0,0.0
13.022916665498355,74.97630629139428,0.0,0.0,0.0,0.0,0.0,0.0,0.0
13.018749998832064,74.76121589839339,0.0,0.0,0.0,0.0,0.0,0.0,0.0
13.018749998832064,74.76549248884034,0.0,0.0,0.0,0.0,0.0,0.0,0.0
13.018749998832064,74.76976907928729,0.0,0.0,0.0,0.0,0.0,0.0,0.0
13.018749998832064,74.77404566973424,0.0,0.0,0.0,0.0,0.0,0.0,0.0
13.018749998832064,74.77832226018118,0.0,0.0,0.0,0.0,0.0,0.0,0.0
13.018749998832064,74.78259885062813,0.0,0.0,0.0,0.0,0.0,0.0,0.0
13.018749998832064,74.78687544107507,0.0,0.0,0.0,0.0,0.0,0.0,0.0
13.018749998832064,74.79115203152202,0.0,0.0,0.0,0.0,0.0,0.0,0.0
13.018749998832064,74.79542862196897,0.0,0.0,0.0,0.0,0.0,0.0,0.0
13.018749998832064,74.79970521241592,0.0,0.0,0.0,0.0,0.0,0.0,0.0
13.018749998832064,74.80398180286286,0.0,0.0,0.0,0.0,0.0,0.0,0.0
13.018749998832064,74.80825839330983,0.0,0.0,0.0,0.0,0.0,0.0,0.0
13.018749998832064,74.81253498375678,0.0,0.0,0.0,0.0,0.0,0.0,0.0
13.018749998832064,74.81681157420373,0.0,0.0,0.0,0.0,0.0,0.0,0.0
13.018749998832064,74.82108816465067,0.0,0.0,0.0,0.0,0.0,0.0,0.0
13.018749998832064,74.82536475509762,0.0,0.0,0.0,0.0,0.0,0.0,0.0
13.018749998832064,74.82964134554456,0.0,0.0,0.0,0.0,0.0,0.0,0.0
13.018749998832064,74.83391793599151,0.0,0.0,0.0,0.0,0.0,0.0,0.0
13.018749998832064,74.83819452643847,0.0,0.0,0.0,0.0,0.0,0.0,0.0
13.018749998832064,74.84247111688542,0.0,0.0,0.0,0.0,0.0,0.0,0.0
13.018749998832064,74.84674770733237,0.0,0.0,0.0,0.0,0.0,0.0,0.0
13.018749998832064,74.85102429777933,0.0,0.0,0.0,0.0,0.0,0.0,0.0
13.018749998832064,74.85530088822627,0.0,0.0,0.0,0.0,0.0,0.0,0.0
13.018749998832064,74.85957747867322,0.0,0.0,0.0,0.0,0.0,0.0,0.0
13.018749998832064,74.86385406912017,0.0,0.0,0.0,0.0,0.0,0.0,0.0
13.018749998832064,74.86813065956711,0.0,0.0,0.0,0.0,0.0,0.0,0.0
13.018749998832064,74.87240725001406,0.0,0.0,0.0,0.0,0.0,0.0,0.0
13.018749998832064,74.87668384046101,0.0,0.0,0.0,0.0,0.0,0.0,0.0
13.018749998832064,74.88096043090798,0.0,0.0,0.0,0.0,0.0,0.0,0.0
13.018749998832064,74.88523702135492,0.0,0.0,0.0,0.0,0.0,0.0,0.0
13.018749998832064,74.88951361180186,0.0,0.0,0.0,0.0,0.0,0.0,0.0
13.018749998832064,74.89379020224882,0.0,0.0,0.0,0.0,0.0,0.0,0.0
13.018749998832064,74.89806679269577,0.0,0.0,0.0,0.0,0.0,0.0,0.0
13.018749998832064,74.9023433831427,0.0,0.0,0.0,0.0,0.0,0.0,0.0
13.018749998832064,74.90661997358967,0.0,0.0,0.0,0.0,0.0,0.0,0.0
13.018749998832064,74.91089656403662,0.0,0.0,0.0,0.0,0.0,0.0,0.0
13.018749998832064,74.91517315448357,0.0,0.0,0.0,0.0,0.0,0.0,0.0
13.018749998832064,74.91944974493052,0.0,0.0,0.0,0.0,0.0,0.0,0.0
13.018749998832064,74.92372633537747,0.0,0.0,0.0,0.0,0.0,0.0,0.0
13.018749998832064,74.92800292582442,0.0,0.0,0.0,0.0,0.0,0.0,0.0
13.018749998832064,74.93227951627136,0.0,0.0,0.0,0.0,0.0,0.0,0.0
13.018749998832064,74.93655610671831,0.0,0.0,0.0,0.0,0.0,0.0,0.0
13.018749998832064,74.94083269716526,0.0,0.0,0.0,0.0,0.0,0.0,0.0
13.018749998832064,74.94510928761221,0.0,0.0,0.0,0.0,0.0,0.0,0.0
13.018749998832064,74.94938587805916,0.0,0.0,0.0,0.0,0.0,0.0,0.0
13.018749998832064,74.95366246850611,0.0,0.0,0.0,0.0,0.0,0.0,0.0
13.018749998832064,74.95793905895306,0.0,0.0,0.0,0.0,0.0,0.0,0.0
13.018749998832064,74.96221564940001,0.0,0.0,0.0,0.0,0.0,0.0,0.0
13.018749998832064,74.96649223984697,0.0392,0.2358,0.018,0.041699998,0.235,0.1435,0.072
13.018749998832064,74.9707688302939,0.0392,0.2358,0.018,0.041699998,0.235,0.1435,0.072
13.018749998832064,74.97504542074086,0.0,0.0,0.0,0.0,0.0,0.0,0.0
13.014583332165776,74.75995906140214,0.0,0.0,0.0,0.0,0.0,0.0,0.0
13.014583332165776,74.76423557995383,0.0,0.0,0.0,0.0,0.0,0.0,0.0
13.014583332165776,74.76851209850552,0.0,0.0,0.0,0.0,0.0,0.0,0.0
13.014583332165776,74.77278861705722,0.0,0.0,0.0,0.0,0.0,0.0,0.0
13.014583332165776,74.77706513560891,0.0,0.0,0.0,0.0,0.0,0.0,0.0
13.014583332165776,74.78134165416057,0.0,0.0,0.0,0.0,0.0,0.0,0.0
13.014583332165776,74.78561817271226,0.0,0.0,0.0,0.0,0.0,0.0,0.0
13.014583332165776,74.78989469126397,0.0,0.0,0.0,0.0,0.0,0.0,0.0
13.014583332165776,74.79417120981564,0.0,0.0,0.0,0.0,0.0,0.0,0.0
13.014583332165776,74.79844772836734,0.0,0.0,0.0,0.0,0.0,0.0,0.0
13.014583332165776,74.80272424691903,0.0,0.0,0.0,0.0,0.0,0.0,0.0
13.014583332165776,74.80700076547072,0.0,0.0,0.0,0.0,0.0,0.0,0.0
13.014583332165776,74.81127728402241,0.0,0.0,0.0,0.0,0.0,0.0,0.0
13.014583332165776,74.81555380257412,0.0,0.0,0.0,0.0,0.0,0.0,0.0
13.014583332165776,74.81983032112579,0.0,0.0,0.0,0.0,0.0,0.0,0.0
13.014583332165776,74.82410683967748,0.0,0.0,0.0,0.0,0.0,0.0,0.0
13.014583332165776,74.82838335822916,0.0,0.0,0.0,0.0,0.0,0.0,0.0
13.014583332165776,74.83265987678085,0.0,0.0,0.0,0.0,0.0,0.0,0.0
13.014583332165776,74.83693639533254,0.0,0.0,0.0,0.0,0.0,0.0,0.0
13.014583332165776,74.84121291388423,0.0,0.0,0.0,0.0,0.0,0.0,0.0
13.014583332165776,74.84548943243593,0.0,0.0,0.0,0.0,0.0,0.0,0.0
13.014583332165776,74.84976595098762,0.0,0.0,0.0,0.0,0.0,0.0,0.0
13.014583332165776,74.8540424695393,0.0,0.0,0.0,0.0,0.0,0.0,0.0
13.014583332165776,74.85831898809099,0.0,0.0,0.0,0.0,0.0,0.0,0.0
13.014583332165776,74.86259550664268,0.0,0.0,0.0,0.0,0.0,0.0,0.0
13.014583332165776,74.86687202519437,0.0,0.0,0.0,0.0,0.0,0.0,0.0
13.014583332165776,74.87114854374606,0.0,0.0,0.0,0.0,0.0,0.0,0.0
13.014583332165776,74.87542506229775,0.0,0.0,0.0,0.0,0.0,0.0,0.0
13.014583332165776,74.87970158084944,0.0,0.0,0.0,0.0,0.0,0.0,0.0
13.014583332165776,74.88397809940115,0.0,0.0,0.0,0.0,0.0,0.0,0.0
13.014583332165776,74.88825461795282,0.0,0.0,0.0,0.0,0.0,0.0,0.0
13.014583332165776,74.8925311365045,0.0,0.0,0.0,0.0,0.0,0.0,0.0
13.014583332165776,74.8968076550562,0.0,0.0,0.0,0.0,0.0,0.0,0.0
13.014583332165776,74.90108417360787,0.0,0.0,0.0,0.0,0.0,0.0,0.0
13.014583332165776,74.90536069215958,0.0,0.0,0.0,0.0,0.0,0.0,0.0
13.014583332165776,74.90963721071127,0.0,0.0,0.0,0.0,0.0,0.0,0.0
13.014583332165776,74.91391372926296,0.0,0.0,0.0,0.0,0.0,0.0,0.0
13.014583332165776,74.91819024781465,0.0,0.0,0.0,0.0,0.0,0.0,0.0
13.014583332165776,74.92246676636633,0.0,0.0,0.0,0.0,0.0,0.0,0.0
13.014583332165776,74.92674328491802,0.0,0.0,0.0,0.0,0.0,0.0,0.0
13.014583332165776,74.93101980346972,0.0,0.0,0.0,0.0,0.0,0.0,0.0
13.014583332165776,74.9352963220214,0.0,0.0,0.0,0.0,0.0,0.0,0.0
13.014583332165776,74.93957284057309,0.0,0.0,0.0,0.0,0.0,0.0,0.0
13.014583332165776,74.94384935912478,0.0,0.0,0.0,0.0,0.0,0.0,0.0
13.014583332165776,74.94812587767646,0.0,0.0,0.0,0.0,0.0,0.0,0.0
13.014583332165776,74.95240239622815,0.0,0.0,0.0,0.0,0.0,0.0,0.0
13.014583332165776,74.95667891477984,0.0,0.0,0.0,0.0,0.0,0.0,0.0
13.014583332165776,74.96095543333153,0.0,0.0,0.0,0.0,0.0,0.0,0.0
13.014583332165776,74.96523195188323,0.0,0.0,0.0,0.0,0.0,0.0,0.0
13.014583332165776,74.9695084704349,0.0325,0.2253,0.0134,0.0349,0.2113,-2.8672,0.051099997
13.014583332165776,74.97378498898661,0.0245,0.24769999,0.011399999,0.0328,0.22819999,-2.8672,0.047199998
13.010416665499484,74.75870266202297,0.0,0.0,0.0,0.0,0.0,0.0,0.0
13.010416665499484,74.76297910870443,0.0,0.0,0.0,0.0,0.0,0.0,0.0
13.010416665499484,74.76725555538589,0.0,0.0,0.0,0.0,0.0,0.0,0.0
13.010416665499484,74.77153200206735,0.0,0.0,0.0,0.0,0.0,0.0,0.0
13.010416665499484,74.7758084487488,0.0,0.0,0.0,0.0,0.0,0.0,0.0
13.010416665499484,74.78008489543025,0.0,0.0,0.0,0.0,0.0,0.0,0.0
13.010416665499484,74.78436134211174,0.0,0.0,0.0,0.0,0.0,0.0,0.0
13.010416665499484,74.7886377887932,0.0,0.0,0.0,0.0,0.0,0.0,0.0
13.010416665499484,74.79291423547464,0.0,0.0,0.0,0.0,0.0,0.0,0.0
13.010416665499484,74.7971906821561,0.0,0.0,0.0,0.0,0.0,0.0,0.0
13.010416665499484,74.80146712883757,0.0,0.0,0.0,0.0,0.0,0.0,0.0
13.010416665499484,74.80574357551905,0.0,0.0,0.0,0.0,0.0,0.0,0.0
13.010416665499484,74.8100200222005,0.0,0.0,0.0,0.0,0.0,0.0,0.0
13.010416665499484,74.81429646888196,0.0,0.0,0.0,0.0,0.0,0.0,0.0
13.010416665499484,74.81857291556342,0.0,0.0,0.0,0.0,0.0,0.0,0.0
13.010416665499484,74.82284936224488,0.0,0.0,0.0,0.0,0.0,0.0,0.0
13.010416665499484,74.82712580892634,0.0,0.0,0.0,0.0,0.0,0.0,0.0
13.010416665499484,74.83140225560781,0.0,0.0,0.0,0.0,0.0,0.0,0.0
13.010416665499484,74.83567870228927,0.0,0.0,0.0,0.0,0.0,0.0,0.0
13.010416665499484,74.83995514897073,0.0,0.0,0.0,0.0,0.0,0.0,0.0
13.010416665499484,74.84423159565219,0.0,0.0,0.0,0.0,0.0,0.0,0.0
13.010416665499484,74.84850804233368,0.0,0.0,0.0,0.0,0.0,0.0,0.0
13.010416665499484,74.85278448901512,0.0,0.0,0.0,0.0,0.0,0.0,0.0
13.010416665499484,74.85706093569658,0.0,0.0,0.0,0.0,0.0,0.0,0.0
13.010416665499484,74.86133738237804,0.0,0.0,0.0,0.0,0.0,0.0,0.0
13.010416665499484,74.8656138290595,0.0,0.0,0.0,0.0,0.0,0.0,0.0
13.010416665499484,74.86989027574097,0.0,0.0,0.0,0.0,0.0,0.0,0.0
13.010416665499484,74.87416672242243,0.0,0.0,0.0,0.0,0.0,0.0,0.0
13.010416665499484,74.8784431691039,0.0,0.0,0.0,0.0,0.0,0.0,0.0
13.010416665499484,74.88271961578536,0.0,0.0,0.0,0.0,0.0,0.0,0.0
13.010416665499484,74.8869960624668,0.0,0.0,0.0,0.0,0.0,0.0,0.0
13.010416665499484,74.89127250914828,0.0,0.0,0.0,0.0,0.0,0.0,0.0
13.010416665499484,74.89554895582975,0.0,0.0,0.0,0.0,0.0,0.0,0.0
13.010416665499484,74.8998254025112,0.0,0.0,0.0,0.0,0.0,0.0,0.0
13.010416665499484,74.90410184919266,0.0,0.0,0.0,0.0,0.0,0.0,0.0
13.010416665499484,74.90837829587413,0.0,0.0,0.0,0.0,0.0,0.0,0.0
13.010416665499484,74.9126547425556,0.0,0.0,0.0,0.0,0.0,0.0,0.0
13.010416665499484,74.91693118923706,0.0,0.0,0.0,0.0,0.0,0.0,0.0
13.010416665499484,74.9212076359185,0.0,0.0,0.0,0.0,0.0,0.0,0.0
13.010416665499484,74.92548408259998,0.0,0.0,0.0,0.0,0.0,0.0,0.0
13.010416665499484,74.92976052928144,0.0,0.0,0.0,0.0,0.0,0.0,0.0
13.010416665499484,74.9340369759629,0.0,0.0,0.0,0.0,0.0,0.0,0.0
13.010416665499484,74.93831342264436,0.0,0.0,0.0,0.0,0.0,0.0,0.0
13.010416665499484,74.94258986932583,0.0,0.0,0.0,0.0,0.0,0.0,0.0
13.010416665499484,74.94686631600727,0.0,0.0,0.0,0.0,0.0,0.0,0.0
13.010416665499484,74.95114276268873,0.0,0.0,0.0,0.0,0.0,0.0,0.0
13.010416665499484,74.9554192093702,0.0,0.0,0.0,0.0,0.0,0.0,0.0
13.010416665499484,74.95969565605168,0.0,0.0,0.0,0.0,0.0,0.0,0.0
13.010416665499484,74.96397210273314,0.0,0.0,0.0,0.0,0.0,0.0,0.0
13.010416665499484,74.96824854941458,0.0,0.0,0.0,0.0,0.0,0.0,0.0
13.010416665499484,74.97252499609606,0.0335,0.2218,0.0142,0.0356,0.213,-2.8672,0.053
13.006249998833194,74.7574467002205,0.0,0.0,0.0,0.0,0.0,0.0,0.0
13.006249998833194,74.76172307505676,0.0,0.0,0.0,0.0,0.0,0.0,0.0
13.006249998833194,74.76599944989303,0.0,0.0,0.0,0.0,0.0,0.0,0.0
13.006249998833194,74.7702758247293,0.0,0.0,0.0,0.0,0.0,0.0,0.0
13.006249998833194,74.77455219956556,0.0,0.0,0.0,0.0,0.0,0.0,0.0
13.006249998833194,74.77882857440181,0.0,0.0,0.0,0.0,0.0,0.0,0.0
13.006249998833194,74.78310494923808,0.0,0.0,0.0,0.0,0.0,0.0,0.0
13.006249998833194,74.78738132407436,0.0,0.0,0.0,0.0,0.0,0.0,0.0
13.006249998833194,74.79165769891061,0.0,0.0,0.0,0.0,0.0,0.0,0.0
13.006249998833194,74.79593407374688,0.0,0.0,0.0,0.0,0.0,0.0,0.0
13.006249998833194,74.80021044858314,0.0,0.0,0.0,0.0,0.0,0.0,0.0
13.006249998833194,74.80448682341942,0.0,0.0,0.0,0.0,0.0,0.0,0.0
13.006249998833194,74.80876319825569,0.0,0.0,0.0,0.0,0.0,0.0,0.0
13.006249998833194,74.81303957309196,0.0,0.0,0.0,0.0,0.0,0.0,0.0
13.006249998833194,74.81731594792821,0.0,0.0,0.0,0.0,0.0,0.0,0.0
13.006249998833194,74.82159232276449,0.0,0.0,0.0,0.0,0.0,0.0,0.0
13.006249998833194,74.82586869760074,0.0,0.0,0.0,0.0,0.0,0.0,0.0
13.006249998833194,74.830145072437,0.0,0.0,0.0,0.0,0.0,0.0,0.0
13.006249998833194,74.83442144727327,0.0,0.0,0.0,0.0,0.0,0.0,0.0
13.006249998833194,74.83869782210955,0.0,0.0,0.0,0.0,0.0,0.0,0.0
13.006249998833194,74.84297419694582,0.0,0.0,0.0,0.0,0.0,0.0,0.0
13.006249998833194,74.84725057178208,0.0,0.0,0.0,0.0,0.0,0.0,0.0
13.006249998833194,74.85152694661834,0.0,0.0,0.0,0.0,0.0,0.0,0.0
13.006249998833194,74.8558033214546,0.0,0.0,0.0,0.0,0.0,0.0,0.0
13.006249998833194,74.86007969629085,0.0,0.0,0.0,0.0,0.0,0.0,0.0
13.006249998833194,74.86435607112712,0.0,0.0,0.0,0.0,0.0,0.0,0.0
13.006249998833194,74.8686324459634,0.0,0.0,0.0,0.0,0.0,0.0,0.0
13.006249998833194,74.87290882079967,0.0,0.0,0.0,0.0,0.0,0.0,0.0
13.006249998833194,74.87718519563593,0.0,0.0,0.0,0.0,0.0,0.0,0.0
13.006249998833194,74.8814615704722,0.0,0.0,0.0,0.0,0.0,0.0,0.0
13.006249998833194,74.88573794530846,0.0,0.0,0.0,0.0,0.0,0.0,0.0
13.006249998833194,74.89001432014473,0.0,0.0,0.0,0.0,0.0,0.0,0.0
13.006249998833194,74.894290694981,0.0,0.0,0.0,0.0,0.0,0.0,0.0
13.006249998833194,74.89856706981725,0.0,0.0,0.0,0.0,0.0,0.0,0.0
13.006249998833194,74.90284344465353,0.0,0.0,0.0,0.0,0.0,0.0,0.0
13.006249998833194,74.9071198194898,0.0,0.0,0.0,0.0,0.0,0.0,0.0
13.006249998833194,74.91139619432606,0.0,0.0,0.0,0.0,0.0,0.0,0.0
13.006249998833194,74.91567256916233,0.0,0.0,0.0,0.0,0.0,0.0,0.0
13.006249998833194,74.91994894399859,0.0,0.0,0.0,0.0,0.0,0.0,0.0
13.006249998833194,74.92422531883486,0.0,0.0,0.0,0.0,0.0,0.0,0.0
13.006249998833194,74.92850169367112,0.0,0.0,0.0,0.0,0.0,0.0,0.0
13.006249998833194,74.93277806850737,0.0,0.0,0.0,0.0,0.0,0.0,0.0
13.006249998833194,74.93705444334365,0.0,0.0,0.0,0.0,0.0,0.0,0.0
13.006249998833194,74.94133081817992,0.0,0.0,0.0,0.0,0.0,0.0,0.0
13.006249998833194,74.94560719301617,0.0,0.0,0.0,0.0,0.0,0.0,0.0
13.006249998833194,74.94988356785244,0.0,0.0,0.0,0.0,0.0,0.0,0.0
13.006249998833194,74.9541599426887,0.0,0.0,0.0,0.0,0.0,0.0,0.0
13.006249998833194,74.95843631752497,0.0,0.0,0.0,0.0,0.0,0.0,0.0
13.006249998833194,74.96271269236124,0.0,0.0,0.0,0.0,0.0,0.0,0.0
13.006249998833194,74.96698906719749,0.0,0.0,0.0,0.0,0.0,0.0,0.0
13.006249998833194,74.97126544203377,0.0263,0.2197,0.0111,0.031799998,0.2135,-2.8672,0.0436
